{
  "assetsByChunkName": {
    "vendors~app-account~app-confirmation~app-order": "chunk.43c57f2dcfc0ed788926.js",
    "vendors~app-account~app-checkout": "chunk.b69033a79a45abc7bf37.js",
    "vendors~app-cart~app-checkout": "chunk.f2f55017e58faa25b587.js",
    "admin": [
      "admin.8f7ee22df9fad69e1ab8.js",
      "admin.8f7ee22df9fad69e1ab8.js.map"
    ],
    "app-account": "chunk.82f78f6ebdd655962fa1.js",
    "app-checkout": "chunk.08eebe8a6c1117d7363f.js",
    "app-confirmation": "chunk.0312a4808881ed035990.js",
    "checkout": [
      "checkout.5eec20c34942d98efe52.js",
      "checkout.5eec20c34942d98efe52.js.map"
    ],
    "storefront": [
      "storefront.1d3fef55c1bc3eb06822.css",
      "storefront.6c98ec3ec8d09f706f6c.js",
      "storefront.1d3fef55c1bc3eb06822.css.map",
      "storefront.6c98ec3ec8d09f706f6c.js.map"
    ],
    "vendors~app-cart": "chunk.b9ec5c47aec8693b4df7.js",
    "vendors~app-order": "chunk.cc8929aaf1c3800c87d3.js"
  }
}