{
  "meta_title": "",
  "meta_description": "",
  "sections": [
    {
      "type": "banner-slider",
      "autoplay": 9000,
      "full_width": false,
      "slides": [
        {
          "img": "/img/uploads/banner-novo-glossy-22.jpg",
          "link": "/headset",
          "alt": "Headset banner",
          "start": "2022-10-23T19:48:32.973Z",
          "end": "",
          "mobile_img": "/img/uploads/banner-novo-glossy-22.jpg"
        },
        {
          "start": "",
          "end": "",
          "img": "/img/uploads/banner-novo-glossy-22-b.jpg",
          "link": "https://glossypapelaria.netlify.app/agenda"
        }
      ]
    },
    {
      "type": "collection-shelf",
      "shuffle": true,
      "collection_id": "616c7fafc6e3e6059b5d4b4a:categories:Novidades:/novidades",
      "sort": "news",
      "title": "Novidades ",
      "headless": false,
      "limit": 12,
      "page": 1
    },
    {
      "type": "dynamic-showcase",
      "load_more": true,
      "sort": "sales"
    },
    {
      "type": "page-title",
      "title": "Glossy Papelaria e Fofuras",
      "description": "Glossy Papelaria A Glossy é uma papelaria fofa que veio trazer brilho e fofura para sua vida! Aqui você encontra canetas fofas, cadernos, notas adesivas e muitas outras fofuras. Todos os nosso produtos são de qualidade e escolhidos com amor e cuidado para você."
    }
  ]
}